"nrange","accuracy","false_detection","train_r2","test_r2","time","gamma"
100,1.0,0.0,0.9999999977594405,0.9999999977208958,0.063712968,0.0030881617775081827
